{"cameraMode":{"drawMode":0,"name":"Shaded","section":"Shading Mode"},"sceneLighting":false,"audioPlay":false,"sceneViewState":{"showFog":true,"showMaterialUpdate":false,"showSkybox":false,"showFlares":true,"showImageEffects":true,"showParticleSystems":true},"in2DMode":false,"pivot":{"x":-6.862715721130371,"y":-2.0938358306884767,"z":0.4300435185432434},"rotation":{"x":0.11927871406078339,"y":-0.6846599578857422,"z":0.11506114900112152,"w":0.7097627520561218},"size":9.01055908203125,"orthographic":false}