{"cameraMode":{"drawMode":0,"name":"Shaded","section":"Shading Mode"},"sceneLighting":false,"audioPlay":false,"sceneViewState":{"showFog":true,"showMaterialUpdate":false,"showSkybox":false,"showFlares":true,"showImageEffects":true,"showParticleSystems":true},"in2DMode":false,"pivot":{"x":-77.75780487060547,"y":-28.79404067993164,"z":4.414905071258545},"rotation":{"x":-0.13095888495445252,"y":0.6720945239067078,"z":-0.12251696735620499,"w":-0.7184180617332459},"size":90.21905517578125,"orthographic":false}