{"cameraMode":{"drawMode":0,"name":"Shaded","section":"Shading Mode"},"sceneLighting":false,"audioPlay":false,"sceneViewState":{"showFog":true,"showMaterialUpdate":false,"showSkybox":false,"showFlares":true,"showImageEffects":true,"showParticleSystems":true},"in2DMode":false,"pivot":{"x":-1.1640777587890626,"y":-1.3412830829620362,"z":-0.26111212372779848},"rotation":{"x":-0.1734907329082489,"y":0.6852972507476807,"z":-0.17338812351226808,"w":-0.6857109069824219},"size":3.6467220783233644,"orthographic":false}