{"cameraMode":{"drawMode":0,"name":"Shaded","section":"Shading Mode"},"sceneLighting":false,"audioPlay":false,"sceneViewState":{"showFog":true,"showMaterialUpdate":false,"showSkybox":false,"showFlares":true,"showImageEffects":true,"showParticleSystems":true},"in2DMode":false,"pivot":{"x":-0.0025658607482910158,"y":-0.2563289701938629,"z":-0.0407574325799942},"rotation":{"x":-0.10022466629743576,"y":0.8947845697402954,"z":-0.25372835993766787,"w":-0.3534518778324127},"size":2.13979434967041,"orthographic":false}