{"cameraMode":{"drawMode":0,"name":"Shaded","section":"Shading Mode"},"sceneLighting":false,"audioPlay":false,"sceneViewState":{"showFog":true,"showMaterialUpdate":false,"showSkybox":false,"showFlares":true,"showImageEffects":true,"showParticleSystems":true},"in2DMode":false,"pivot":{"x":-126.09628295898438,"y":-12.581363677978516,"z":-10.399626731872559},"rotation":{"x":-0.04469536244869232,"y":0.7221417427062988,"z":-0.04686896130442619,"w":-0.6887006163597107},"size":164.9655303955078,"orthographic":false}