{"cameraMode":{"drawMode":0,"name":"Shaded","section":"Shading Mode"},"sceneLighting":false,"audioPlay":false,"sceneViewState":{"showFog":true,"showMaterialUpdate":false,"showSkybox":false,"showFlares":true,"showImageEffects":true,"showParticleSystems":true},"in2DMode":false,"pivot":{"x":-0.5480397939682007,"y":-0.6269694566726685,"z":-0.29271554946899416},"rotation":{"x":-0.10022466629743576,"y":0.8947845697402954,"z":-0.25372835993766787,"w":-0.3534518778324127},"size":2.1826250553131105,"orthographic":false}