{"cameraMode":{"drawMode":0,"name":"Shaded","section":"Shading Mode"},"sceneLighting":false,"audioPlay":false,"sceneViewState":{"showFog":true,"showMaterialUpdate":false,"showSkybox":false,"showFlares":true,"showImageEffects":true,"showParticleSystems":true},"in2DMode":false,"pivot":{"x":-109.29134368896485,"y":-45.865516662597659,"z":-1.665236473083496},"rotation":{"x":-0.18311159312725068,"y":0.6884597539901733,"z":-0.18632625043392182,"w":-0.6765854954719544},"size":140.02642822265626,"orthographic":false}