{"cameraMode":{"drawMode":0,"name":"Shaded","section":"Shading Mode"},"sceneLighting":false,"audioPlay":false,"sceneViewState":{"showFog":true,"showMaterialUpdate":false,"showSkybox":false,"showFlares":true,"showImageEffects":true,"showParticleSystems":true},"in2DMode":false,"pivot":{"x":-5.850715637207031,"y":-2.4711856842041017,"z":-0.17656764388084413},"rotation":{"x":-0.14036628603935243,"y":0.6977931261062622,"z":-0.1424008011817932,"w":-0.6878179311752319},"size":8.035063743591309,"orthographic":false}