{"cameraMode":{"drawMode":0,"name":"Shaded","section":"Shading Mode"},"sceneLighting":false,"audioPlay":false,"sceneViewState":{"showFog":true,"showMaterialUpdate":false,"showSkybox":false,"showFlares":true,"showImageEffects":true,"showParticleSystems":true},"in2DMode":false,"pivot":{"x":-62.39299774169922,"y":-22.702707290649415,"z":3.915698289871216},"rotation":{"x":-0.13205625116825105,"y":0.6656013131141663,"z":-0.12133348733186722,"w":-0.7244378328323364},"size":107.65283966064453,"orthographic":false}