{"cameraMode":{"drawMode":0,"name":"Shaded","section":"Shading Mode"},"sceneLighting":false,"audioPlay":false,"sceneViewState":{"showFog":true,"showMaterialUpdate":false,"showSkybox":false,"showFlares":true,"showImageEffects":true,"showParticleSystems":true},"in2DMode":false,"pivot":{"x":-0.29935646057128909,"y":-0.44735026359558108,"z":0.1767135113477707},"rotation":{"x":-0.23822686076164246,"y":0.6585360169410706,"z":-0.23243774473667146,"w":-0.6749410629272461},"size":2.35830020904541,"orthographic":false}