{"cameraMode":{"drawMode":0,"name":"Shaded","section":"Shading Mode"},"sceneLighting":false,"audioPlay":false,"sceneViewState":{"showFog":true,"showMaterialUpdate":false,"showSkybox":false,"showFlares":true,"showImageEffects":true,"showParticleSystems":true},"in2DMode":false,"pivot":{"x":-0.028453946113586427,"y":-0.11019539833068848,"z":-0.24646738171577454},"rotation":{"x":-0.13115230202674867,"y":0.7759714722633362,"z":-0.171739399433136,"w":-0.592595100402832},"size":1.703688621520996,"orthographic":false}