{"cameraMode":{"drawMode":0,"name":"Shaded","section":"Shading Mode"},"sceneLighting":false,"audioPlay":false,"sceneViewState":{"showFog":true,"showMaterialUpdate":false,"showSkybox":false,"showFlares":true,"showImageEffects":true,"showParticleSystems":true},"in2DMode":false,"pivot":{"x":-2.698122501373291,"y":-1.0079174041748047,"z":0.003144681453704834},"rotation":{"x":-0.1392945945262909,"y":0.702934741973877,"z":-0.1434507817029953,"w":-0.6825680732727051},"size":4.446130275726318,"orthographic":false}