{"cameraMode":{"drawMode":0,"name":"Shaded","section":"Shading Mode"},"sceneLighting":false,"audioPlay":false,"sceneViewState":{"showFog":true,"showMaterialUpdate":false,"showSkybox":false,"showFlares":true,"showImageEffects":true,"showParticleSystems":true},"in2DMode":false,"pivot":{"x":-0.07328030467033386,"y":0.2622780203819275,"z":-0.011841446161270142},"rotation":{"x":-0.13095888495445252,"y":0.6720945239067078,"z":-0.12251696735620499,"w":-0.7184180617332459},"size":3.1939969062805177,"orthographic":false}