{"cameraMode":{"drawMode":0,"name":"Shaded","section":"Shading Mode"},"sceneLighting":false,"audioPlay":false,"sceneViewState":{"showFog":true,"showMaterialUpdate":false,"showSkybox":false,"showFlares":true,"showImageEffects":true,"showParticleSystems":true},"in2DMode":false,"pivot":{"x":-103.80130004882813,"y":-55.41984176635742,"z":3.4377455711364748},"rotation":{"x":-0.18311159312725068,"y":0.6884597539901733,"z":-0.18632625043392182,"w":-0.6765854954719544},"size":141.45281982421876,"orthographic":false}