{"cameraMode":{"drawMode":0,"name":"Shaded","section":"Shading Mode"},"sceneLighting":false,"audioPlay":false,"sceneViewState":{"showFog":true,"showMaterialUpdate":false,"showSkybox":false,"showFlares":true,"showImageEffects":true,"showParticleSystems":true},"in2DMode":false,"pivot":{"x":-2.9645566940307619,"y":-0.22207796573638917,"z":0.03319387137889862},"rotation":{"x":-0.071183942258358,"y":0.7033038139343262,"z":-0.07114127278327942,"w":-0.7037277221679688},"size":5.624815464019775,"orthographic":false}