{"cameraMode":{"drawMode":0,"name":"Shaded","section":"Shading Mode"},"sceneLighting":false,"audioPlay":false,"sceneViewState":{"showFog":true,"showMaterialUpdate":false,"showSkybox":false,"showFlares":true,"showImageEffects":true,"showParticleSystems":true},"in2DMode":false,"pivot":{"x":-73.66950225830078,"y":-41.93416976928711,"z":-52.844058990478519},"rotation":{"x":-0.09495361894369126,"y":0.870944082736969,"z":-0.18591763079166413,"w":-0.4448227286338806},"size":119.09874725341797,"orthographic":false}