{"cameraMode":{"drawMode":0,"name":"Shaded","section":"Shading Mode"},"sceneLighting":false,"audioPlay":false,"sceneViewState":{"showFog":true,"showMaterialUpdate":false,"showSkybox":false,"showFlares":true,"showImageEffects":true,"showParticleSystems":true},"in2DMode":false,"pivot":{"x":-2.4119961261749269,"y":-1.2676851749420167,"z":-0.18704111874103547},"rotation":{"x":-0.17201878130435944,"y":0.7017467021942139,"z":-0.1809127777814865,"w":-0.6672447919845581},"size":3.8626482486724855,"orthographic":false}