{"cameraMode":{"drawMode":0,"name":"Shaded","section":"Shading Mode"},"sceneLighting":false,"audioPlay":false,"sceneViewState":{"showFog":true,"showMaterialUpdate":false,"showSkybox":false,"showFlares":true,"showImageEffects":true,"showParticleSystems":true},"in2DMode":false,"pivot":{"x":-2.9466912746429445,"y":-0.14342382550239564,"z":0.44376224279403689},"rotation":{"x":-0.03579265996813774,"y":0.6942641735076904,"z":-0.03461010754108429,"w":-0.717993974685669},"size":4.804652214050293,"orthographic":false}