{"cameraMode":{"drawMode":0,"name":"Shaded","section":"Shading Mode"},"sceneLighting":false,"audioPlay":false,"sceneViewState":{"showFog":true,"showMaterialUpdate":false,"showSkybox":false,"showFlares":true,"showImageEffects":true,"showParticleSystems":true},"in2DMode":false,"pivot":{"x":-2.898104667663574,"y":-0.06078934669494629,"z":0.7010949850082398},"rotation":{"x":-0.10610418766736984,"y":0.6510179042816162,"z":-0.09261476993560791,"w":-0.7458752989768982},"size":5.056332588195801,"orthographic":false}