{"cameraMode":{"drawMode":0,"name":"Shaded","section":"Shading Mode"},"sceneLighting":false,"audioPlay":false,"sceneViewState":{"showFog":true,"showMaterialUpdate":false,"showSkybox":false,"showFlares":true,"showImageEffects":true,"showParticleSystems":true},"in2DMode":false,"pivot":{"x":-5.152475357055664,"y":-0.3119947910308838,"z":-0.041107743978500369},"rotation":{"x":-0.05885469913482666,"y":0.7002252340316773,"z":-0.05811844766139984,"w":-0.7091040015220642},"size":7.423317909240723,"orthographic":false}