{"cameraMode":{"drawMode":0,"name":"Shaded","section":"Shading Mode"},"sceneLighting":true,"audioPlay":false,"sceneViewState":{"showFog":true,"showMaterialUpdate":false,"showSkybox":true,"showFlares":true,"showImageEffects":true,"showParticleSystems":true},"in2DMode":false,"pivot":{"x":-1.6548104286193848,"y":0.15966945886611939,"z":0.2978500425815582},"rotation":{"x":-0.054663754999637607,"y":0.7131309509277344,"z":-0.05595948547124863,"w":-0.6966365575790405},"size":4.658313751220703,"orthographic":false}