{"cameraMode":{"drawMode":0,"name":"Shaded","section":"Shading Mode"},"sceneLighting":false,"audioPlay":false,"sceneViewState":{"showFog":true,"showMaterialUpdate":false,"showSkybox":false,"showFlares":true,"showImageEffects":true,"showParticleSystems":true},"in2DMode":false,"pivot":{"x":-6.648977279663086,"y":-0.6947566270828247,"z":0.28646546602249148},"rotation":{"x":0.041773974895477298,"y":-0.6984464526176453,"z":0.04090574011206627,"w":0.7132700681686401},"size":9.015095710754395,"orthographic":false}