{"cameraMode":{"drawMode":0,"name":"Shaded","section":"Shading Mode"},"sceneLighting":false,"audioPlay":false,"sceneViewState":{"showFog":true,"showMaterialUpdate":false,"showSkybox":false,"showFlares":true,"showImageEffects":true,"showParticleSystems":true},"in2DMode":false,"pivot":{"x":-6.012287139892578,"y":-2.4346911907196047,"z":-0.06452523916959763},"rotation":{"x":0.12118969857692719,"y":-0.6976566314697266,"z":0.12155386060476303,"w":0.6955668926239014},"size":8.924768447875977,"orthographic":false}