{"cameraMode":{"drawMode":0,"name":"Shaded","section":"Shading Mode"},"sceneLighting":true,"audioPlay":false,"sceneViewState":{"showFog":true,"showMaterialUpdate":false,"showSkybox":true,"showFlares":true,"showImageEffects":true,"showParticleSystems":true},"in2DMode":false,"pivot":{"x":-1.333065390586853,"y":-0.015403449535369873,"z":0.00697936350479722},"rotation":{"x":-0.05313562974333763,"y":0.7059396505355835,"z":-0.053265031427145007,"w":-0.7042478919029236},"size":2.85831356048584,"orthographic":false}