{"cameraMode":{"drawMode":0,"name":"Shaded","section":"Shading Mode"},"sceneLighting":true,"audioPlay":false,"sceneViewState":{"showFog":true,"showMaterialUpdate":false,"showSkybox":true,"showFlares":true,"showImageEffects":true,"showParticleSystems":true},"in2DMode":false,"pivot":{"x":-0.4570746421813965,"y":-0.33398008346557619,"z":-0.0043353550136089329},"rotation":{"x":-0.16232503950595857,"y":0.6831254363059998,"z":-0.1598121076822281,"w":-0.6938677430152893},"size":3.962106704711914,"orthographic":false}