{"cameraMode":{"drawMode":0,"name":"Shaded","section":"Shading Mode"},"sceneLighting":true,"audioPlay":false,"sceneViewState":{"showFog":true,"showMaterialUpdate":false,"showSkybox":true,"showFlares":true,"showImageEffects":true,"showParticleSystems":true},"in2DMode":false,"pivot":{"x":-21.575246810913087,"y":-13.596298217773438,"z":-5.01490592956543},"rotation":{"x":-0.16410310566425324,"y":0.7486226558685303,"z":-0.20140287280082704,"w":-0.6099739074707031},"size":29.146039962768556,"orthographic":false}