{"cameraMode":{"drawMode":0,"name":"Shaded","section":"Shading Mode"},"sceneLighting":true,"audioPlay":false,"sceneViewState":{"showFog":true,"showMaterialUpdate":false,"showSkybox":true,"showFlares":true,"showImageEffects":true,"showParticleSystems":true},"in2DMode":false,"pivot":{"x":-24.03134536743164,"y":-5.301994323730469,"z":-2.641223669052124},"rotation":{"x":-0.08289480209350586,"y":0.740236759185791,"z":-0.0928710401058197,"w":-0.6607171893119812},"size":30.232481002807618,"orthographic":false}