{"cameraMode":{"drawMode":0,"name":"Shaded","section":"Shading Mode"},"sceneLighting":false,"audioPlay":false,"sceneViewState":{"showFog":true,"showMaterialUpdate":false,"showSkybox":false,"showFlares":true,"showImageEffects":true,"showParticleSystems":true},"in2DMode":false,"pivot":{"x":428.392333984375,"y":847.0819091796875,"z":-430.494140625},"rotation":{"x":-0.10729995369911194,"y":0.8669588565826416,"z":-0.21244385838508607,"w":-0.437879353761673},"size":796.8536987304688,"orthographic":false}