{"cameraMode":{"drawMode":0,"name":"Shaded","section":"Shading Mode"},"sceneLighting":true,"audioPlay":false,"sceneViewState":{"showFog":true,"showMaterialUpdate":false,"showSkybox":true,"showFlares":true,"showImageEffects":true,"showParticleSystems":true},"in2DMode":false,"pivot":{"x":-4.5221781730651859,"y":-0.6784260272979736,"z":0.23130454123020173},"rotation":{"x":-0.06834814697504044,"y":0.6887710094451904,"z":-0.06549907475709915,"w":-0.7187568545341492},"size":5.7944416999816898,"orthographic":false}