{"cameraMode":{"drawMode":0,"name":"Shaded","section":"Shading Mode"},"sceneLighting":false,"audioPlay":false,"sceneViewState":{"showFog":true,"showMaterialUpdate":false,"showSkybox":false,"showFlares":true,"showImageEffects":true,"showParticleSystems":true},"in2DMode":false,"pivot":{"x":-0.20438015460968018,"y":0.2804758548736572,"z":0.2165558934211731},"rotation":{"x":-0.17189666628837586,"y":0.6759623289108276,"z":-0.16671501100063325,"w":-0.6969630122184753},"size":2.161966562271118,"orthographic":false}