{"cameraMode":{"drawMode":0,"name":"Shaded","section":"Shading Mode"},"sceneLighting":true,"audioPlay":false,"sceneViewState":{"showFog":true,"showMaterialUpdate":false,"showSkybox":true,"showFlares":true,"showImageEffects":true,"showParticleSystems":true},"in2DMode":false,"pivot":{"x":-0.3676464557647705,"y":0.18623507022857667,"z":-0.11613469570875168},"rotation":{"x":-0.2182573676109314,"y":0.666947603225708,"z":-0.21423718333244325,"w":-0.6794641613960266},"size":3.2583000659942629,"orthographic":false}