{"cameraMode":{"drawMode":0,"name":"Shaded","section":"Shading Mode"},"sceneLighting":false,"audioPlay":false,"sceneViewState":{"showFog":true,"showMaterialUpdate":false,"showSkybox":false,"showFlares":true,"showImageEffects":true,"showParticleSystems":true},"in2DMode":false,"pivot":{"x":-0.0025658607482910158,"y":-0.2563289701938629,"z":-0.0407574325799942},"rotation":{"x":-0.17553822696208955,"y":0.6731044054031372,"z":-0.16922816634178163,"w":-0.6982027292251587},"size":2.7397942543029787,"orthographic":false}