{"cameraMode":{"drawMode":0,"name":"Shaded","section":"Shading Mode"},"sceneLighting":false,"audioPlay":false,"sceneViewState":{"showFog":true,"showMaterialUpdate":false,"showSkybox":false,"showFlares":true,"showImageEffects":true,"showParticleSystems":true},"in2DMode":false,"pivot":{"x":-1.1534184217453004,"y":-0.6846466064453125,"z":0.19314536452293397},"rotation":{"x":-0.23014144599437715,"y":0.643646240234375,"z":-0.21209096908569337,"w":-0.6984273195266724},"size":3.0619664192199709,"orthographic":false}