{"cameraMode":{"drawMode":0,"name":"Shaded","section":"Shading Mode"},"sceneLighting":false,"audioPlay":false,"sceneViewState":{"showFog":true,"showMaterialUpdate":false,"showSkybox":false,"showFlares":true,"showImageEffects":true,"showParticleSystems":true},"in2DMode":false,"pivot":{"x":-0.06311929225921631,"y":-0.1427856683731079,"z":0.004722032696008682},"rotation":{"x":-0.1956452876329422,"y":0.6669684648513794,"z":-0.1880471259355545,"w":-0.6939180493354797},"size":1.8777921199798585,"orthographic":false}