{"cameraMode":{"drawMode":0,"name":"Shaded","section":"Shading Mode"},"sceneLighting":false,"audioPlay":false,"sceneViewState":{"showFog":true,"showMaterialUpdate":false,"showSkybox":false,"showFlares":true,"showImageEffects":true,"showParticleSystems":true},"in2DMode":false,"pivot":{"x":-0.3090364933013916,"y":0.030733823776245118,"z":-0.08649591356515885},"rotation":{"x":-0.17553822696208955,"y":0.6731044054031372,"z":-0.16922816634178163,"w":-0.6982027292251587},"size":2.058300256729126,"orthographic":false}