{"cameraMode":{"drawMode":0,"name":"Shaded","section":"Shading Mode"},"sceneLighting":false,"audioPlay":false,"sceneViewState":{"showFog":true,"showMaterialUpdate":false,"showSkybox":false,"showFlares":true,"showImageEffects":true,"showParticleSystems":true},"in2DMode":false,"pivot":{"x":-0.9759663343429565,"y":-0.6570652723312378,"z":-0.09664568305015564},"rotation":{"x":-0.14290712773799897,"y":0.6853062510490418,"z":-0.13985255360603333,"w":-0.7002711296081543},"size":2.777791976928711,"orthographic":false}