{"cameraMode":{"drawMode":0,"name":"Shaded","section":"Shading Mode"},"sceneLighting":false,"audioPlay":false,"sceneViewState":{"showFog":true,"showMaterialUpdate":false,"showSkybox":false,"showFlares":true,"showImageEffects":true,"showParticleSystems":true},"in2DMode":false,"pivot":{"x":-0.4030301570892334,"y":-0.38168299198150637,"z":0.14640167355537415},"rotation":{"x":-0.24678269028663636,"y":0.649331271648407,"z":-0.23578186333179475,"w":-0.6796311140060425},"size":2.1684417724609377,"orthographic":false}