{"cameraMode":{"drawMode":0,"name":"Shaded","section":"Shading Mode"},"sceneLighting":false,"audioPlay":false,"sceneViewState":{"showFog":true,"showMaterialUpdate":false,"showSkybox":false,"showFlares":true,"showImageEffects":true,"showParticleSystems":true},"in2DMode":false,"pivot":{"x":-0.06558525562286377,"y":-0.796567976474762,"z":-0.011846423149108887},"rotation":{"x":-0.3908853232860565,"y":0.5702091455459595,"z":-0.3537825345993042,"w":-0.6300270557403565},"size":2.058300256729126,"orthographic":false}