{"cameraMode":{"drawMode":0,"name":"Shaded","section":"Shading Mode"},"sceneLighting":true,"audioPlay":false,"sceneViewState":{"showFog":true,"showMaterialUpdate":false,"showSkybox":true,"showFlares":true,"showImageEffects":true,"showParticleSystems":true},"in2DMode":false,"pivot":{"x":-5.69291353225708,"y":-3.2898812294006349,"z":-0.5584757924079895},"rotation":{"x":-0.18501624464988709,"y":0.6916628479957581,"z":-0.19053703546524049,"w":-0.6716215014457703},"size":9.12601089477539,"orthographic":false}