{"cameraMode":{"drawMode":0,"name":"Shaded","section":"Shading Mode"},"sceneLighting":true,"audioPlay":false,"sceneViewState":{"showFog":true,"showMaterialUpdate":false,"showSkybox":true,"showFlares":true,"showImageEffects":true,"showParticleSystems":true},"in2DMode":false,"pivot":{"x":94.3931655883789,"y":-25.117950439453126,"z":-88.87191772460938},"rotation":{"x":-0.3013574182987213,"y":0.13443338871002198,"z":-0.04297412559390068,"w":-0.9430270195007324},"size":240.61109924316407,"orthographic":false}